{
  "canGenerateDenseCoal": true,
  "coalVeinSize": 11,
  "coalMinHeight": 0,
  "coalMaxHeight": 192,
  "coalChunkOdds": 6,
  "canGenerateDenseCopper": true,
  "copperVeinSize": 6,
  "copperMinHeight": -16,
  "copperMaxHeight": 112,
  "copperChunkOdds": 11,
  "canGenerateDenseIron": true,
  "ironVeinSize": 3,
  "ironMinHeight": -64,
  "ironMaxHeight": 72,
  "ironChunkOdds": 6,
  "canGenerateDenseGold": true,
  "goldVeinSize": 6,
  "goldMinHeight": -64,
  "goldMaxHeight": 32,
  "goldChunkOdds": 3,
  "canGenerateDenseRedstone": true,
  "redstoneVeinSize": 5,
  "redstoneMinHeight": -64,
  "redstoneMaxHeight": 32,
  "redstoneChunkOdds": 3,
  "canGenerateDenseLapis": true,
  "lapisVeinSize": 7,
  "lapisMinHeight": -32,
  "lapisMaxHeight": 32,
  "lapisChunkOdds": 5,
  "canGenerateDenseDiamond": true,
  "diamondVeinSize": 3,
  "diamondMinHeight": -80,
  "diamondMaxHeight": 80,
  "diamondChunkOdds": 5,
  "canGenerateDenseEmerald": true,
  "emeraldVeinSize": 2,
  "emeraldMinHeight": -16,
  "emeraldMaxHeight": 80,
  "emeraldChunkOdds": 6,
  "deepslateMaxHeight": 16,
  "canGenerateDenseDeepslateCoal": false,
  "canGenerateDenseDeepslateCopper": false,
  "canGenerateDenseDeepslateEmerald": false,
  "canGenerateDenseNetherQuartz": true,
  "netherQuartzVeinSize": 9,
  "netherQuartzChunkOdds": 11,
  "canGenerateDenseNetherGold": true,
  "netherGoldVeinSize": 7,
  "netherGoldChunkOdds": 7,
  "canGenerateDenseAncientDebris": true,
  "ancientDebrisVeinSize": 1,
  "ancientDebrisMinHeight": 8,
  "ancientDebrisMaxHeight": 119
}