{
  "general": {
    "block_growths": true,
    "block_growth_blacklist": [],
    "creative_tab": false,
    "drop_in_creative": false,
    "debug_save_dynamic_pack": false
  },
  "mossy_blocks": {
    "interest_for_face": 0.3,
    "patchiness": 0.5,
    "immune_chance": 0.4,
    "needs_air": true,
    "enabled": true
  },
  "cracked_blocks": {
    "interest_for_face": 0.6,
    "patchiness": 0.4,
    "immune_chance": 0.4,
    "needs_air": false,
    "enabled": true
  },
  "icicle": {
    "react_to_vibrations": true,
    "spawn_rarity": 12,
    "disable_icicles": false
  },
  "freezing": {
    "enable_water_freezing": false,
    "water_increment": 3,
    "icicle": 300,
    "enable_permafrost_freezing": false,
    "permafrost_increment": 2
  },
  "charring": {
    "fire_chars_wood": 0.3,
    "ash_spawn": 0.3,
    "soot_spawn": true,
    "flammable_cobweb": true
  },
  "item_interaction": {
    "pickaxe_cracking": true,
    "pickaxe_cracking_shift": false,
    "brick_breaking": true,
    "piston_sliming": true,
    "soil_shearing": true,
    "grass_flinting": true,
    "azalea_shearing": true,
    "moss_shearing": true,
    "moss_burning": true,
    "charred_block_igniting": true,
    "shovel_extinguish": true,
    "sponge_rusting": true,
    "sponge_rust_drying": false,
    "axe_stripping": true,
    "axe_rusting": true,
    "ash_item_spawn": true
  },
  "food": {
    "icicle_food": true,
    "icicle_fire_resistance": true,
    "muddy_water_enabled": true
  },
  "misc": {
    "mulch_grows_crops": true,
    "mulch_growth_type_bonemeal": true,
    "mulch_growth_type_random_tick": false,
    "mulch_growth_random_ticks": 10,
    "composter_dirt": true,
    "desire_paths": false,
    "desire_path_rate": 0.05,
    "grass_over_mycelium": true,
    "mycelium_over_grass": true,
    "generic_bark": "",
    "feather_falling_farmers": true,
    "leggings_prevents_thorn_damage": true
  },
  "leaf_piles": {
    "leaf_piles_slow": true,
    "spawn_entity_from_decay": 0.3,
    "reach": 12,
    "max_pile_height": 3,
    "leaf_piles_blacklist": []
  },
  "thin_ice": {
    "natural_melting": false
  },
  "lightning_growths": {
    "vitrified_lightning": true,
    "fulgurite_chance": 0.4
  },
  "rusting": {
    "rusting": true,
    "rusting_influence_radius": 4,
    "rusting_rate": 0.06,
    "rust_streaking": true
  }
}